time, rssi
-2.20333,-78
-3.70928,-64
-5.2123,-71
-6.7123,-71
-8.22069,-62
-9.72332,-63
-11.2313,-65
-21.7533,-63
-23.2643,-68
-27.7774,-71
-33.7993,-69
-35.3036,-61
-36.8125,-51
