time, rssi
-0.614425,-81
-2.11446,-77
-5.12649,-63
-12.6435,-83
-17.1605,-62
-18.6635,-63
-20.1644,-63
-26.1836,-66
-27.6927,-63
-32.2038,-85
-35.2176,-66
