time, rssi
-5.09196,-59
-5.09494,-59
-8.1009,-59
-15.6238,-62
-17.1269,-59
-18.6299,-59
-20.1299,-59
-21.6349,-65
-24.6489,-63
-26.1509,-63
