time, rssi
-4.91326,-51
-6.42131,-51
-10.9315,-51
-13.9455,-50
-15.4506,-51
-22.9609,-52
-27.475,-49
-30.4911,-60
-31.9971,-47
