time, rssi
-0.329132,-62
-4.84108,-62
-6.35118,-65
-7.85433,-65
-18.3875,-64
-19.8886,-65
