time, rssi
-3.30743,-66
-6.3205,-61
-7.82353,-61
-9.32556,-61
-10.8306,-62
-16.8539,-62
-21.358,-63
-22.8603,-62
-27.3742,-67
-28.8852,-60
-30.3912,-75
