time, rssi
-1.88229,-58
-4.88934,-51
-6.39531,-51
-10.9014,-58
-13.9072,-59
-19.9322,-58
-21.4401,-59
-22.9453,-59
-25.9593,-58
-32.9675,-82
