time, rssi
-1.95451,-66
-3.45831,-66
-4.96532,-63
-6.47318,-62
-6.95622,0
