time, rssi
-0.687137,-57
-2.19118,-50
-5.19587,-50
-8.20004,-57
-9.70207,-57
-11.2049,-57
-12.7069,-57
-18.7273,-50
-21.7329,-58
-23.236,-57
-29.2618,-58
-30.7648,-58
-33.7748,-59
-35.2789,-51
-36.7828,-51
-39.7861,-51
-45.8118,-51
-54.8367,-57
-56.3397,-51
-57.8452,-51
-59.3527,-58
-60.8607,-59
