time, rssi
-4.97132,-67
-6.47219,-67
-6.86826,0
