time, rssi
-1.2073,-39
-2.70819,-41
-7.21921,-40
-13.2433,-41
-16.2553,-40
-17.7583,-39
-23.7733,-41
-25.2773,-41
-28.2873,-40
-28.2904,-39
-29.8011,-39
-37.3003,-41
-41.8153,-40
-43.3223,-39
-44.8293,-41
-47.8427,-40
-52.3534,-39
-55.3594,-41
-56.8654,-41
-61.3814,-39
-65.8964,-41
-67.3993,-40
-68.9074,-40
-73.4254,-41
-77.9455,-39
-83.9564,-41
-85.4634,-40
-86.9665,-40
-88.4035,0
