time, rssi
-0.685955,-58
-2.18989,-58
-6.69493,-57
-9.70443,-54
-12.7085,-58
-14.2129,-59
-15.7138,-58
-17.2248,-58
-18.7261,-58
-21.7351,-54
-38.2818,-58
-39.7847,-58
-56.3397,-58
-57.8438,-58
-61.9724,0
