time, rssi
-0.352985,-66
-1.85793,-66
-3.36284,-75
-6.94868,0
