time, rssi
-1.23218,-44
-2.73448,-44
-4.23769,-45
-7.24479,-39
-8.74871,-47
-13.2699,-39
-14.7757,-39
-19.2867,-47
-20.7917,-45
-22.3025,-39
-29.8148,-47
-31.3203,-45
-32.8207,-45
-40.3377,-39
-41.8387,-47
-43.3457,-47
-44.8549,-45
-47.8678,-39
-49.3688,-47
-50.8699,-47
-52.376,-47
-53.8758,-47
-61.4038,-47
-62.9118,-45
-65.9219,-39
-67.425,-39
-68.9309,-47
-70.4418,-45
-71.9462,-45
-73.4519,-39
-76.4618,-47
-79.4699,-45
-80.9709,-45
-83.9829,-39
-86.9899,-47
-88.494,0
