time, rssi
-1.54094,-59
-3.04484,-58
-9.06075,-54
-10.5618,-54
-12.0657,-54
-16.5889,-54
-21.1008,-59
-22.6118,-58
-24.1211,-54
-25.6216,-54
-30.1336,-59
-31.6337,-59
-33.1386,-58
-33.7294,-92
