time, rssi
-3.69101,-48
-8.19908,-48
-9.70134,-47
-11.2042,-46
-12.7065,-47
-18.7229,-48
-21.7328,-47
-24.742,-45
-27.7579,-48
-50.3218,-47
-54.8361,-45
-56.3378,-45
-57.8408,-48
-59.352,-47
