time, rssi
-0.980908,-47
-2.48295,-45
-11.5139,-45
-13.0206,-45
-19.0419,-47
-20.548,-45
-23.5519,-48
-25.0538,-48
-29.5689,-47
-31.0688,-47
