time, rssi
-1.80362,-65
-4.81336,-58
-6.32227,-60
-6.70241,0
