time, rssi
-0.40931,-58
-1.90928,-58
-4.91637,-58
-4.91936,-60
-6.41946,-60
-6.81478,0
