time, rssi
-0.916862,-69
-2.42292,-61
-8.44007,-56
-9.94813,-71
-18.9751,-68
-20.4802,-67
-21.9842,-71
-23.4902,-59
-24.9973,-62
-26.5043,-62
-28.0143,-65
-29.5181,-64
-32.5329,-69
