time, rssi
-0.804734,-72
-2.31083,-73
-6.82074,-71
-11.3338,-68
-14.3399,-68
-15.8449,-71
-17.3519,-71
-18.8609,-70
-20.3659,-70
-21.868,-71
-23.376,-72
-24.8821,-71
-27.9,-68
-29.4039,-70
-30.9078,-68
-32.4176,-66
-33.9205,-68
-35.4233,-68
-35.4263,-70
-36.9281,-88
