time, rssi
-2.29983,-77
-3.81076,-64
-6.8191,-65
-8.3179,-75
-12.8279,-68
-14.3289,-69
-17.345,-68
-21.8611,-78
-23.3681,-66
-24.8753,-64
-26.3811,-62
-29.3961,-62
-30.9043,-61
-33.9126,-63
-38.4201,-51
