time, rssi
-1.27459,-64
-4.28148,-62
-8.79335,-64
-11.8105,-62
-13.3093,-62
-16.3203,-67
-17.8223,-63
-19.3204,-64
-20.8274,-61
-29.8512,-63
-31.3574,-60
-32.8683,-64
-35.6972,0
