time, rssi
-1.15481,-62
-5.66148,-65
-7.17156,-63
-11.6905,-63
-23.7164,-63
-26.7205,-65
-28.2264,-64
-29.7324,-62
-31.2375,-63
-32.7474,-57
-35.6504,0
