time, rssi
-0.776515,-61
-5.29344,-59
-9.80816,-64
-15.8222,-59
-17.3249,-60
-23.3489,-64
-24.8487,-59
-26.3606,-60
-27.8656,-63
-29.3676,-63
-30.8695,-63
-35.3815,-59
