time, rssi
-2.26441,-72
-3.77127,-62
-5.27556,-62
-6.77814,-62
-9.78807,-65
-20.3168,-63
-24.8324,-63
-29.3465,-64
-32.3502,-65
-33.8546,-63
-35.3648,-78
