time, rssi
-0.688767,-65
-2.19342,-72
-3.69963,-60
-5.2037,-58
-5.20663,-60
-6.70679,-58
-8.21285,-58
-12.7263,-58
-15.7322,-59
-17.2362,-58
-24.7601,-58
-26.2709,-60
-29.2769,-65
-30.7778,-65
-32.2778,-65
-35.2917,-59
