time, rssi
-3.28523,-60
-4.78635,-61
-12.3156,-60
-15.3247,-61
-18.3353,-63
-24.3499,-61
-27.3588,-60
-30.3656,-69
-31.8685,-63
