time, rssi
-1.75411,-69
-1.75708,-68
-13.7893,-67
-15.2942,-66
-16.8001,-74
-21.3119,-70
-22.8148,-68
-24.3197,-68
-25.8266,-67
-27.3297,-67
-31.8363,-66
