time, rssi
-3.22483,-60
-4.72509,-62
-6.23307,-59
-7.73797,-60
-7.7409,-60
-10.7487,-63
-12.2549,-64
-13.7576,-64
-13.7605,-59
-15.2634,-59
-18.2745,-60
-22.7829,-63
-24.2891,-60
-28.8036,-60
-30.3046,-62
