time, rssi
-0.606162,-69
-5.1191,-70
-6.62516,-74
-11.1441,-69
-17.168,-67
-20.1712,-67
-29.1871,-78
-38.2039,-75
-39.7059,-62
-41.2101,0
