time, rssi
-2.02372,-66
-5.03573,-63
-6.53777,-66
-9.55069,-63
-11.0598,-66
-14.0696,-67
-18.5766,-67
-20.0867,-64
-23.0957,-68
-29.0996,-66
-32.1116,-66
-33.6135,-65
-41.1249,0
