time, rssi
-0.511304,-64
-2.01329,-66
-9.54916,-68
-14.0612,-66
-17.0831,-65
-20.0761,-65
-21.5774,-66
-32.1138,-65
-33.6174,-66
-35.1241,-62
-36.6314,-63
-38.1363,-74
-38.9439,-73
