time, rssi
-4.92559,-71
-7.93835,-70
-9.44535,-69
-12.4534,-75
-21.4722,-72
-22.9733,-72
-25.9848,-77
-32.0073,-74
-33.5113,-79
-36.5263,-63
-38.7561,0
