time, rssi
-2.58944,-57
-4.09734,-64
-5.60228,-66
-7.10632,-59
-8.60761,-59
-11.6123,-60
-16.1253,-63
-20.6403,-61
-26.6703,-61
-28.1794,-59
-32.6912,-58
-34.1931,-57
-35.8352,0
