time, rssi
-0.998252,-63
-2.50671,-62
-7.02458,-64
-8.52365,-65
-20.5605,-67
-23.5767,-62
-25.0795,-61
-28.0885,-65
-35.6123,-57
-35.7426,0
