time, rssi
-0.430489,-63
-1.93548,-77
-4.94245,-62
-9.45445,-65
-10.9554,-64
-12.4665,-62
-19.9825,-62
-21.4895,-61
-29.0095,-63
