time, rssi
-6.4376,-71
-7.93755,-71
-9.44356,-83
-10.9455,-80
-12.4515,-65
-13.9635,-76
-15.4645,-71
-18.4695,-75
-19.9716,-74
-27.4943,-73
-28.9965,-72
-36.5186,-68
