time, rssi
-4.43509,-70
-5.94014,-61
-7.44813,-60
-8.95512,-59
-10.4592,-62
-19.4831,-63
-23.9961,-65
-25.5023,-60
-27.0051,-61
-33.0174,-61
-36.0312,-54
