time, rssi
-1.34528,-68
-2.84924,-62
-5.85414,-65
-7.36414,-56
-8.87423,-60
-10.3794,-60
-11.8802,-59
-14.8882,-62
-26.9183,-65
-28.4241,-59
-31.4323,-65
-31.4353,-66
-32.9359,-64
-35.9463,-56
