time, rssi
-2.53633,-53
-5.54864,-49
-10.0693,-51
-11.5743,-51
-13.0734,-50
-14.5794,-49
-16.0874,-52
-17.5924,-53
-22.0974,-51
-25.1025,-51
-31.1265,-60
-32.6253,-56
-35.6304,-52
