time, rssi
-0.95661,-74
-3.96557,-57
-6.9716,-65
-12.9976,-54
-14.4986,-70
-16.0066,-70
-17.5116,-59
-23.5205,-59
-25.0247,-58
-28.0366,-70
-35.5526,-60
