time, rssi
-0.925172,-64
-3.92738,-58
-9.95055,-59
-11.4574,-59
-11.4604,-54
-15.9705,-57
-17.4755,-57
-24.9866,-53
-34.0095,-64
-37.0157,-63
-37.0185,-78
