time, rssi
-3.94297,-60
-5.44707,-62
-6.94592,-62
-9.95705,-66
-11.4649,-66
-17.4785,-61
-18.9799,-62
-20.489,-65
-21.988,-68
-26.498,-74
-29.5103,-62
-31.011,-65
-34.029,-51
