time, rssi
-2.42441,-82
-3.93253,-60
-14.4605,-60
-17.4654,-68
-20.4744,-83
-21.9753,-79
-24.9863,-62
-27.9934,-62
-29.4974,-69
-32.5084,-52
