time, rssi
-2.33809,-59
-3.84601,-65
-5.35014,-66
-6.85201,-66
-11.37,-59
-12.877,-65
-14.3742,-65
-24.899,-64
-26.3991,-63
-27.907,-67
-29.4142,-64
-32.4221,-62
-33.9331,-50
