time, rssi
-4.02851,-72
-7.03443,-60
-10.0464,-52
-13.0545,-65
-16.0675,-59
-17.5755,-52
-20.5924,-58
-23.6044,-58
-26.6136,-62
-29.6183,-69
-31.1286,-63
-32.6344,-65
-35.6343,-45
