time, rssi
-0.957515,-68
-2.46547,-71
-3.96965,-69
-5.47351,-72
-6.97453,-72
-11.4936,-73
-16.0076,-69
-17.5125,-68
-20.5327,-72
-22.0343,-64
-26.5524,-71
-28.0586,-73
