time, rssi
-2.42743,-62
-3.92843,-59
-9.94252,-58
-9.94537,-58
-12.9543,-58
-14.4583,-58
-15.9643,-58
-17.4713,-58
-18.9823,-58
-18.9944,-60
-20.4914,-58
-23.5003,-60
-26.5112,-54
-29.5192,-65
-31.0252,-64
-34.0301,-60
