time, rssi
-1.87383,-72
-3.37983,-60
-4.88095,-60
-6.38386,-59
-7.88796,-55
-9.39787,-61
-10.908,-59
-15.4259,-56
-19.9379,-60
-21.439,-59
-28.9609,-60
-30.4589,-60
-33.4759,-70
-34.981,-68
-36.4859,-54
-37.9972,-49
