time, rssi
-0.361414,-71
-1.86441,-76
-7.87749,-71
-9.3874,-75
-10.8974,-67
-13.9054,-72
-15.4216,-78
-18.4224,-67
-19.9294,-67
-25.9434,-80
-28.9493,-80
-30.4494,-81
-34.972,-70
-36.4764,-74
-37.9815,-63
-37.9844,-68
