time, rssi
-6.29228,-57
-7.80386,-56
-9.30865,-62
-10.8153,-63
-13.8263,-57
-15.3368,-63
-16.8403,-60
-18.3403,-62
-19.8485,-62
-21.3478,-62
-24.3553,-57
-25.8623,-64
-27.3674,-62
-33.3853,-77
