time, rssi
-2.70952,-60
-2.71245,-59
-5.71444,-59
-10.2244,-62
-13.2364,-58
-14.7414,-58
-16.2445,-57
-17.7444,-59
-29.7915,-62
-31.2966,-56
-32.7985,-56
-34.3096,-49
