time, rssi
-7.05135,-68
-7.05438,-70
-11.5664,-57
-16.0774,-61
-19.0833,-67
-22.0995,-61
-29.6244,-61
-32.6324,-66
